image,ai_prob,real_prob
廬훙獗.png,0.0008313657599501312,0.9991686344146729
